source,interaction_id,session_id,top_timestamp,total_latency,event_type,step_ms,start_time,end_time,foundation_model,input_tokens,output_tokens,collaborator_name,action_group,api_path,guardrail_action
case_create,324c3c4832f590e0db98efaa78fcc815,5bef0490-08c0-11f1-907e-cdcae5aa3470,2026-02-13 09:51:54.991000+00:00,18.749,llm_orchestration,7695,2026-02-13T09:51:55.741711Z,2026-02-13T09:52:03.436384Z,,11743.0,263.0,,,,
case_create,324c3c4832f590e0db98efaa78fcc815,5bef0490-08c0-11f1-907e-cdcae5aa3470,2026-02-13 09:51:54.991000+00:00,18.749,agent_collaborator,8214,2026-02-13T09:51:55.398799Z,2026-02-13T09:52:03.612569Z,,,,SupportCase-Management-Agent,,,
case_create,324c3c4832f590e0db98efaa78fcc815,5bef0490-08c0-11f1-907e-cdcae5aa3470,2026-02-13 09:51:54.991000+00:00,18.749,llm_orchestration,9439,2026-02-13T09:52:03.725898Z,2026-02-13T09:52:13.164749Z,,10842.0,438.0,,,,
case_create,324c3c4832f590e0db98efaa78fcc815,5bef0490-08c0-11f1-907e-cdcae5aa3470,2026-02-13 09:51:54.991000+00:00,18.749,routing_collaborator_roundtrip,18100,2026-02-13T09:51:55.172579Z,2026-02-13T09:52:13.272032Z,,,,Case-Management2-Collaborator,,,
case_create,fb328a876ccc595477ac5893b8325ac6,5bef0490-08c0-11f1-907e-cdcae5aa3470,2026-02-13 09:51:23.907000+00:00,15.684,guardrail_pre,642,2026-02-13T09:51:24.320700Z,2026-02-13T09:51:24.962681Z,,,,,,,NONE
case_create,fb328a876ccc595477ac5893b8325ac6,5bef0490-08c0-11f1-907e-cdcae5aa3470,2026-02-13 09:51:23.907000+00:00,15.684,routing_classifier,1448,2026-02-13T09:51:24.966105Z,2026-02-13T09:51:26.414804Z,,4468.0,14.0,,,,
case_create,fb328a876ccc595477ac5893b8325ac6,5bef0490-08c0-11f1-907e-cdcae5aa3470,2026-02-13 09:51:23.907000+00:00,15.684,guardrail_pre,658,2026-02-13T09:51:26.919586Z,2026-02-13T09:51:27.577633Z,,,,,,,NONE
case_create,fb328a876ccc595477ac5893b8325ac6,5bef0490-08c0-11f1-907e-cdcae5aa3470,2026-02-13 09:51:23.907000+00:00,15.684,llm_orchestration,5058,2026-02-13T09:51:27.628897Z,2026-02-13T09:51:32.686544Z,,10437.0,165.0,,,,
case_create,fb328a876ccc595477ac5893b8325ac6,5bef0490-08c0-11f1-907e-cdcae5aa3470,2026-02-13 09:51:23.907000+00:00,15.684,llm_orchestration,5749,2026-02-13T09:51:33.058220Z,2026-02-13T09:51:38.807127Z,,11563.0,146.0,,,,
case_create,fb328a876ccc595477ac5893b8325ac6,5bef0490-08c0-11f1-907e-cdcae5aa3470,2026-02-13 09:51:23.907000+00:00,15.684,agent_collaborator,6196,2026-02-13T09:51:32.733617Z,2026-02-13T09:51:38.929368Z,,,,SupportCase-Management-Agent,,,
case_create,fb328a876ccc595477ac5893b8325ac6,5bef0490-08c0-11f1-907e-cdcae5aa3470,2026-02-13 09:51:23.907000+00:00,15.684,routing_collaborator_roundtrip,12619,2026-02-13T09:51:26.433749Z,2026-02-13T09:51:39.052213Z,,,,Case-Management2-Collaborator,,,
case_create,e1cfc316145cc7fb0efe1cecbf5e4c9d,5bef0490-08c0-11f1-907e-cdcae5aa3470,2026-02-13 09:49:40.287000+00:00,42.53,guardrail_pre,734,2026-02-13T09:49:40.688682Z,2026-02-13T09:49:41.422652Z,,,,,,,NONE
case_create,e1cfc316145cc7fb0efe1cecbf5e4c9d,5bef0490-08c0-11f1-907e-cdcae5aa3470,2026-02-13 09:49:40.287000+00:00,42.53,routing_classifier,1757,2026-02-13T09:49:41.425603Z,2026-02-13T09:49:43.182241Z,,4119.0,22.0,,,,
case_create,e1cfc316145cc7fb0efe1cecbf5e4c9d,5bef0490-08c0-11f1-907e-cdcae5aa3470,2026-02-13 09:49:40.287000+00:00,42.53,guardrail_pre,756,2026-02-13T09:49:43.697614Z,2026-02-13T09:49:44.453315Z,,,,,,,NONE
case_create,e1cfc316145cc7fb0efe1cecbf5e4c9d,5bef0490-08c0-11f1-907e-cdcae5aa3470,2026-02-13 09:49:40.287000+00:00,42.53,llm_orchestration,5225,2026-02-13T09:49:44.501484Z,2026-02-13T09:49:49.726391Z,,8954.0,177.0,,,,
case_create,e1cfc316145cc7fb0efe1cecbf5e4c9d,5bef0490-08c0-11f1-907e-cdcae5aa3470,2026-02-13 09:49:40.287000+00:00,42.53,llm_orchestration,4521,2026-02-13T09:49:50.176988Z,2026-02-13T09:49:54.697167Z,,10345.0,133.0,,,,
case_create,e1cfc316145cc7fb0efe1cecbf5e4c9d,5bef0490-08c0-11f1-907e-cdcae5aa3470,2026-02-13 09:49:40.287000+00:00,42.53,action_group,5129,2026-02-13T09:49:54.704439Z,2026-02-13T09:49:59.833713Z,,,,,,,
case_create,e1cfc316145cc7fb0efe1cecbf5e4c9d,5bef0490-08c0-11f1-907e-cdcae5aa3470,2026-02-13 09:49:40.287000+00:00,42.53,llm_orchestration,8081,2026-02-13T09:49:59.841124Z,2026-02-13T09:50:07.922995Z,,10522.0,323.0,,,,
case_create,e1cfc316145cc7fb0efe1cecbf5e4c9d,5bef0490-08c0-11f1-907e-cdcae5aa3470,2026-02-13 09:49:40.287000+00:00,42.53,agent_collaborator,18343,2026-02-13T09:49:49.777651Z,2026-02-13T09:50:08.120239Z,,,,SupportCase-Management-Agent,,,
case_create,e1cfc316145cc7fb0efe1cecbf5e4c9d,5bef0490-08c0-11f1-907e-cdcae5aa3470,2026-02-13 09:49:40.287000+00:00,42.53,llm_orchestration,12675,2026-02-13T09:50:08.169524Z,2026-02-13T09:50:20.844392Z,,9399.0,693.0,,,,
case_create,e1cfc316145cc7fb0efe1cecbf5e4c9d,5bef0490-08c0-11f1-907e-cdcae5aa3470,2026-02-13 09:49:40.287000+00:00,42.53,guardrail_post,629,2026-02-13T09:50:21.025358Z,2026-02-13T09:50:21.654408Z,,,,,,,NONE
case_create,e1cfc316145cc7fb0efe1cecbf5e4c9d,5bef0490-08c0-11f1-907e-cdcae5aa3470,2026-02-13 09:49:40.287000+00:00,42.53,routing_collaborator_roundtrip,38598,2026-02-13T09:49:43.197585Z,2026-02-13T09:50:21.795449Z,,,,Case-Management2-Collaborator,,,
case_create,e1cfc316145cc7fb0efe1cecbf5e4c9d,5bef0490-08c0-11f1-907e-cdcae5aa3470,2026-02-13 09:49:40.287000+00:00,42.53,guardrail_post,723,2026-02-13T09:50:21.967549Z,2026-02-13T09:50:22.690753Z,,,,,,,NONE
case_create,f18779ccb5fd17a66be0609de7635f13,5bef0490-08c0-11f1-907e-cdcae5aa3470,2026-02-13 09:46:11.102000+00:00,46.999,guardrail_pre,696,2026-02-13T09:46:11.559386Z,2026-02-13T09:46:12.255327Z,,,,,,,NONE
case_create,f18779ccb5fd17a66be0609de7635f13,5bef0490-08c0-11f1-907e-cdcae5aa3470,2026-02-13 09:46:11.102000+00:00,46.999,routing_classifier,1136,2026-02-13T09:46:12.258274Z,2026-02-13T09:46:13.394640Z,,3867.0,14.0,,,,
case_create,f18779ccb5fd17a66be0609de7635f13,5bef0490-08c0-11f1-907e-cdcae5aa3470,2026-02-13 09:46:11.102000+00:00,46.999,guardrail_pre,669,2026-02-13T09:46:13.801853Z,2026-02-13T09:46:14.470167Z,,,,,,,NONE
case_create,f18779ccb5fd17a66be0609de7635f13,5bef0490-08c0-11f1-907e-cdcae5aa3470,2026-02-13 09:46:11.102000+00:00,46.999,llm_orchestration,5973,2026-02-13T09:46:14.554381Z,2026-02-13T09:46:20.527761Z,,7890.0,175.0,,,,
case_create,f18779ccb5fd17a66be0609de7635f13,5bef0490-08c0-11f1-907e-cdcae5aa3470,2026-02-13 09:46:11.102000+00:00,46.999,llm_orchestration,7273,2026-02-13T09:46:20.909072Z,2026-02-13T09:46:28.182041Z,,9376.0,186.0,,,,
case_create,f18779ccb5fd17a66be0609de7635f13,5bef0490-08c0-11f1-907e-cdcae5aa3470,2026-02-13 09:46:11.102000+00:00,46.999,action_group,12774,2026-02-13T09:46:28.189020Z,2026-02-13T09:46:40.963264Z,,,,,,,
case_create,f18779ccb5fd17a66be0609de7635f13,5bef0490-08c0-11f1-907e-cdcae5aa3470,2026-02-13 09:46:11.102000+00:00,46.999,llm_orchestration,5523,2026-02-13T09:46:40.969852Z,2026-02-13T09:46:46.492342Z,,9659.0,188.0,,,,
case_create,f18779ccb5fd17a66be0609de7635f13,5bef0490-08c0-11f1-907e-cdcae5aa3470,2026-02-13 09:46:11.102000+00:00,46.999,agent_collaborator,26093,2026-02-13T09:46:20.570138Z,2026-02-13T09:46:46.663699Z,,,,SupportCase-Management-Agent,,,
case_create,f18779ccb5fd17a66be0609de7635f13,5bef0490-08c0-11f1-907e-cdcae5aa3470,2026-02-13 09:46:11.102000+00:00,46.999,llm_orchestration,9677,2026-02-13T09:46:46.714091Z,2026-02-13T09:46:56.391229Z,,8219.0,489.0,,,,
case_create,f18779ccb5fd17a66be0609de7635f13,5bef0490-08c0-11f1-907e-cdcae5aa3470,2026-02-13 09:46:11.102000+00:00,46.999,guardrail_post,485,2026-02-13T09:46:56.544731Z,2026-02-13T09:46:57.029240Z,,,,,,,NONE
case_create,f18779ccb5fd17a66be0609de7635f13,5bef0490-08c0-11f1-907e-cdcae5aa3470,2026-02-13 09:46:11.102000+00:00,46.999,routing_collaborator_roundtrip,43736,2026-02-13T09:46:13.413789Z,2026-02-13T09:46:57.149222Z,,,,Case-Management2-Collaborator,,,
case_create,f18779ccb5fd17a66be0609de7635f13,5bef0490-08c0-11f1-907e-cdcae5aa3470,2026-02-13 09:46:11.102000+00:00,46.999,guardrail_post,648,2026-02-13T09:46:57.323616Z,2026-02-13T09:46:57.971162Z,,,,,,,NONE
case_create,5eb768f42fa89941d31e9ddfae4740ed,5bef0490-08c0-11f1-907e-cdcae5aa3470,2026-02-13 09:45:13.224000+00:00,31.292,guardrail_pre,711,2026-02-13T09:45:13.679726Z,2026-02-13T09:45:14.390063Z,,,,,,,NONE
case_create,5eb768f42fa89941d31e9ddfae4740ed,5bef0490-08c0-11f1-907e-cdcae5aa3470,2026-02-13 09:45:13.224000+00:00,31.292,routing_classifier,1681,2026-02-13T09:45:14.392709Z,2026-02-13T09:45:16.073718Z,,3643.0,14.0,,,,
case_create,5eb768f42fa89941d31e9ddfae4740ed,5bef0490-08c0-11f1-907e-cdcae5aa3470,2026-02-13 09:45:13.224000+00:00,31.292,guardrail_pre,723,2026-02-13T09:45:16.645307Z,2026-02-13T09:45:17.368109Z,,,,,,,NONE
case_create,5eb768f42fa89941d31e9ddfae4740ed,5bef0490-08c0-11f1-907e-cdcae5aa3470,2026-02-13 09:45:13.224000+00:00,31.292,llm_orchestration,6633,2026-02-13T09:45:17.424109Z,2026-02-13T09:45:24.057675Z,,6951.0,175.0,,,,
case_create,5eb768f42fa89941d31e9ddfae4740ed,5bef0490-08c0-11f1-907e-cdcae5aa3470,2026-02-13 09:45:13.224000+00:00,31.292,llm_orchestration,8829,2026-02-13T09:45:24.462324Z,2026-02-13T09:45:33.291715Z,,8705.0,241.0,,,,
case_create,5eb768f42fa89941d31e9ddfae4740ed,5bef0490-08c0-11f1-907e-cdcae5aa3470,2026-02-13 09:45:13.224000+00:00,31.292,agent_collaborator,9336,2026-02-13T09:45:24.130673Z,2026-02-13T09:45:33.466259Z,,,,SupportCase-Management-Agent,,,
case_create,5eb768f42fa89941d31e9ddfae4740ed,5bef0490-08c0-11f1-907e-cdcae5aa3470,2026-02-13 09:45:13.224000+00:00,31.292,llm_orchestration,8880,2026-02-13T09:45:33.542423Z,2026-02-13T09:45:42.422005Z,,7281.0,405.0,,,,
case_create,5eb768f42fa89941d31e9ddfae4740ed,5bef0490-08c0-11f1-907e-cdcae5aa3470,2026-02-13 09:45:13.224000+00:00,31.292,guardrail_post,755,2026-02-13T09:45:42.603464Z,2026-02-13T09:45:43.358718Z,,,,,,,NONE
case_create,5eb768f42fa89941d31e9ddfae4740ed,5bef0490-08c0-11f1-907e-cdcae5aa3470,2026-02-13 09:45:13.224000+00:00,31.292,routing_collaborator_roundtrip,27399,2026-02-13T09:45:16.086878Z,2026-02-13T09:45:43.485293Z,,,,Case-Management2-Collaborator,,,
case_create,5eb768f42fa89941d31e9ddfae4740ed,5bef0490-08c0-11f1-907e-cdcae5aa3470,2026-02-13 09:45:13.224000+00:00,31.292,guardrail_post,706,2026-02-13T09:45:43.686861Z,2026-02-13T09:45:44.392605Z,,,,,,,NONE
case_create,8c498d0fe55194455e35c136f84bc222,5bef0490-08c0-11f1-907e-cdcae5aa3470,2026-02-13 09:44:16.655000+00:00,22.109,guardrail_pre,665,2026-02-13T09:44:17.213989Z,2026-02-13T09:44:17.878466Z,,,,,,,NONE
case_create,8c498d0fe55194455e35c136f84bc222,5bef0490-08c0-11f1-907e-cdcae5aa3470,2026-02-13 09:44:16.655000+00:00,22.109,routing_classifier,1376,2026-02-13T09:44:17.882152Z,2026-02-13T09:44:19.258117Z,,3488.0,14.0,,,,
case_create,8c498d0fe55194455e35c136f84bc222,5bef0490-08c0-11f1-907e-cdcae5aa3470,2026-02-13 09:44:16.655000+00:00,22.109,guardrail_pre,906,2026-02-13T09:44:19.711346Z,2026-02-13T09:44:20.617581Z,,,,,,,NONE
case_create,8c498d0fe55194455e35c136f84bc222,5bef0490-08c0-11f1-907e-cdcae5aa3470,2026-02-13 09:44:16.655000+00:00,22.109,llm_orchestration,4275,2026-02-13T09:44:20.663147Z,2026-02-13T09:44:24.938995Z,,6282.0,153.0,,,,
case_create,8c498d0fe55194455e35c136f84bc222,5bef0490-08c0-11f1-907e-cdcae5aa3470,2026-02-13 09:44:16.655000+00:00,22.109,llm_orchestration,4545,2026-02-13T09:44:25.345190Z,2026-02-13T09:44:29.890935Z,,8265.0,128.0,,,,
case_create,8c498d0fe55194455e35c136f84bc222,5bef0490-08c0-11f1-907e-cdcae5aa3470,2026-02-13 09:44:16.655000+00:00,22.109,agent_collaborator,5045,2026-02-13T09:44:24.985165Z,2026-02-13T09:44:30.030372Z,,,,SupportCase-Management-Agent,,,
case_create,8c498d0fe55194455e35c136f84bc222,5bef0490-08c0-11f1-907e-cdcae5aa3470,2026-02-13 09:44:16.655000+00:00,22.109,llm_orchestration,6658,2026-02-13T09:44:30.051055Z,2026-02-13T09:44:36.709679Z,,6527.0,283.0,,,,
case_create,8c498d0fe55194455e35c136f84bc222,5bef0490-08c0-11f1-907e-cdcae5aa3470,2026-02-13 09:44:16.655000+00:00,22.109,guardrail_post,712,2026-02-13T09:44:36.878275Z,2026-02-13T09:44:37.590437Z,,,,,,,NONE
case_create,8c498d0fe55194455e35c136f84bc222,5bef0490-08c0-11f1-907e-cdcae5aa3470,2026-02-13 09:44:16.655000+00:00,22.109,routing_collaborator_roundtrip,18444,2026-02-13T09:44:19.271279Z,2026-02-13T09:44:37.715506Z,,,,Case-Management2-Collaborator,,,
case_create,8c498d0fe55194455e35c136f84bc222,5bef0490-08c0-11f1-907e-cdcae5aa3470,2026-02-13 09:44:16.655000+00:00,22.109,guardrail_post,747,2026-02-13T09:44:37.887295Z,2026-02-13T09:44:38.634741Z,,,,,,,NONE
case_create,30cb8862512870f21004590edf80082b,5bef0490-08c0-11f1-907e-cdcae5aa3470,2026-02-13 09:43:15.547000+00:00,22.442,guardrail_pre,723,2026-02-13T09:43:15.984811Z,2026-02-13T09:43:16.707321Z,,,,,,,NONE
case_create,30cb8862512870f21004590edf80082b,5bef0490-08c0-11f1-907e-cdcae5aa3470,2026-02-13 09:43:15.547000+00:00,22.442,routing_classifier,1516,2026-02-13T09:43:16.709900Z,2026-02-13T09:43:18.225176Z,,3380.0,22.0,,,,
case_create,30cb8862512870f21004590edf80082b,5bef0490-08c0-11f1-907e-cdcae5aa3470,2026-02-13 09:43:15.547000+00:00,22.442,guardrail_pre,1248,2026-02-13T09:43:18.740557Z,2026-02-13T09:43:19.988110Z,,,,,,,NONE
case_create,30cb8862512870f21004590edf80082b,5bef0490-08c0-11f1-907e-cdcae5aa3470,2026-02-13 09:43:15.547000+00:00,22.442,llm_orchestration,4906,2026-02-13T09:43:20.034939Z,2026-02-13T09:43:24.940277Z,,5741.0,217.0,,,,
case_create,30cb8862512870f21004590edf80082b,5bef0490-08c0-11f1-907e-cdcae5aa3470,2026-02-13 09:43:15.547000+00:00,22.442,llm_orchestration,5554,2026-02-13T09:43:25.378453Z,2026-02-13T09:43:30.932393Z,,7940.0,126.0,,,,
case_create,30cb8862512870f21004590edf80082b,5bef0490-08c0-11f1-907e-cdcae5aa3470,2026-02-13 09:43:15.547000+00:00,22.442,agent_collaborator,6096,2026-02-13T09:43:24.954407Z,2026-02-13T09:43:31.050823Z,,,,SupportCase-Management-Agent,,,
case_create,30cb8862512870f21004590edf80082b,5bef0490-08c0-11f1-907e-cdcae5aa3470,2026-02-13 09:43:15.547000+00:00,22.442,llm_orchestration,5140,2026-02-13T09:43:31.086104Z,2026-02-13T09:43:36.226753Z,,5987.0,138.0,,,,
case_create,30cb8862512870f21004590edf80082b,5bef0490-08c0-11f1-907e-cdcae5aa3470,2026-02-13 09:43:15.547000+00:00,22.442,guardrail_post,554,2026-02-13T09:43:36.376106Z,2026-02-13T09:43:36.930544Z,,,,,,,NONE
case_create,30cb8862512870f21004590edf80082b,5bef0490-08c0-11f1-907e-cdcae5aa3470,2026-02-13 09:43:15.547000+00:00,22.442,routing_collaborator_roundtrip,18816,2026-02-13T09:43:18.236828Z,2026-02-13T09:43:37.052360Z,,,,Case-Management2-Collaborator,,,
case_create,30cb8862512870f21004590edf80082b,5bef0490-08c0-11f1-907e-cdcae5aa3470,2026-02-13 09:43:15.547000+00:00,22.442,guardrail_post,667,2026-02-13T09:43:37.218212Z,2026-02-13T09:43:37.885625Z,,,,,,,NONE
case_create,da8c8e9e4c62c2bdab42928f052defdf,5bef0490-08c0-11f1-907e-cdcae5aa3470,2026-02-13 09:42:50.197000+00:00,12.185,guardrail_pre,704,2026-02-13T09:42:50.688093Z,2026-02-13T09:42:51.392059Z,,,,,,,NONE
case_create,da8c8e9e4c62c2bdab42928f052defdf,5bef0490-08c0-11f1-907e-cdcae5aa3470,2026-02-13 09:42:50.197000+00:00,12.185,routing_classifier,1878,2026-02-13T09:42:51.394564Z,2026-02-13T09:42:53.272139Z,,3222.0,22.0,,,,
case_create,da8c8e9e4c62c2bdab42928f052defdf,5bef0490-08c0-11f1-907e-cdcae5aa3470,2026-02-13 09:42:50.197000+00:00,12.185,guardrail_pre,670,2026-02-13T09:42:53.747934Z,2026-02-13T09:42:54.417681Z,,,,,,,NONE
case_create,da8c8e9e4c62c2bdab42928f052defdf,5bef0490-08c0-11f1-907e-cdcae5aa3470,2026-02-13 09:42:50.197000+00:00,12.185,llm_orchestration,5929,2026-02-13T09:42:54.497107Z,2026-02-13T09:43:00.426880Z,,5372.0,206.0,,,,
case_create,da8c8e9e4c62c2bdab42928f052defdf,5bef0490-08c0-11f1-907e-cdcae5aa3470,2026-02-13 09:42:50.197000+00:00,12.185,guardrail_post,678,2026-02-13T09:43:00.633491Z,2026-02-13T09:43:01.311813Z,,,,,,,NONE
case_create,da8c8e9e4c62c2bdab42928f052defdf,5bef0490-08c0-11f1-907e-cdcae5aa3470,2026-02-13 09:42:50.197000+00:00,12.185,routing_collaborator_roundtrip,8144,2026-02-13T09:42:53.284643Z,2026-02-13T09:43:01.428329Z,,,,Case-Management2-Collaborator,,,
case_create,da8c8e9e4c62c2bdab42928f052defdf,5bef0490-08c0-11f1-907e-cdcae5aa3470,2026-02-13 09:42:50.197000+00:00,12.185,guardrail_post,689,2026-02-13T09:43:01.579580Z,2026-02-13T09:43:02.268904Z,,,,,,,NONE
case_update,7964a6fdff7bfb0333329e5516211ec9,ef2fc940-08c2-11f1-907e-cdcae5aa3470,2026-02-13 10:02:02.713000+00:00,38.106,guardrail_pre,697,2026-02-13T10:02:03.128166Z,2026-02-13T10:02:03.825745Z,,,,,,,NONE
case_update,7964a6fdff7bfb0333329e5516211ec9,ef2fc940-08c2-11f1-907e-cdcae5aa3470,2026-02-13 10:02:02.713000+00:00,38.106,routing_classifier,1904,2026-02-13T10:02:03.828195Z,2026-02-13T10:02:05.732362Z,,3349.0,14.0,,,,
case_update,7964a6fdff7bfb0333329e5516211ec9,ef2fc940-08c2-11f1-907e-cdcae5aa3470,2026-02-13 10:02:02.713000+00:00,38.106,guardrail_pre,782,2026-02-13T10:02:06.197681Z,2026-02-13T10:02:06.979743Z,,,,,,,NONE
case_update,7964a6fdff7bfb0333329e5516211ec9,ef2fc940-08c2-11f1-907e-cdcae5aa3470,2026-02-13 10:02:02.713000+00:00,38.106,llm_orchestration,3926,2026-02-13T10:02:07.031238Z,2026-02-13T10:02:10.957369Z,,5743.0,153.0,,,,
case_update,7964a6fdff7bfb0333329e5516211ec9,ef2fc940-08c2-11f1-907e-cdcae5aa3470,2026-02-13 10:02:02.713000+00:00,38.106,llm_orchestration,3747,2026-02-13T10:02:11.354723Z,2026-02-13T10:02:15.101486Z,,8211.0,145.0,,,,
case_update,7964a6fdff7bfb0333329e5516211ec9,ef2fc940-08c2-11f1-907e-cdcae5aa3470,2026-02-13 10:02:02.713000+00:00,38.106,action_group,10203,2026-02-13T10:02:15.108137Z,2026-02-13T10:02:25.311286Z,,,,,,,
case_update,7964a6fdff7bfb0333329e5516211ec9,ef2fc940-08c2-11f1-907e-cdcae5aa3470,2026-02-13 10:02:02.713000+00:00,38.106,llm_orchestration,3408,2026-02-13T10:02:25.317548Z,2026-02-13T10:02:28.725955Z,,8377.0,135.0,,,,
case_update,7964a6fdff7bfb0333329e5516211ec9,ef2fc940-08c2-11f1-907e-cdcae5aa3470,2026-02-13 10:02:02.713000+00:00,38.106,action_group,44,2026-02-13T10:02:28.732565Z,2026-02-13T10:02:28.776882Z,,,,,,,
case_update,7964a6fdff7bfb0333329e5516211ec9,ef2fc940-08c2-11f1-907e-cdcae5aa3470,2026-02-13 10:02:02.713000+00:00,38.106,llm_orchestration,4654,2026-02-13T10:02:28.783157Z,2026-02-13T10:02:33.437681Z,,8580.0,145.0,,,,
case_update,7964a6fdff7bfb0333329e5516211ec9,ef2fc940-08c2-11f1-907e-cdcae5aa3470,2026-02-13 10:02:02.713000+00:00,38.106,agent_collaborator,22623,2026-02-13T10:02:11.000040Z,2026-02-13T10:02:33.623572Z,,,,SupportCase-Management-Agent,,,
case_update,7964a6fdff7bfb0333329e5516211ec9,ef2fc940-08c2-11f1-907e-cdcae5aa3470,2026-02-13 10:02:02.713000+00:00,38.106,llm_orchestration,5046,2026-02-13T10:02:33.659458Z,2026-02-13T10:02:38.705367Z,,6009.0,178.0,,,,
case_update,7964a6fdff7bfb0333329e5516211ec9,ef2fc940-08c2-11f1-907e-cdcae5aa3470,2026-02-13 10:02:02.713000+00:00,38.106,guardrail_post,720,2026-02-13T10:02:38.877892Z,2026-02-13T10:02:39.597280Z,,,,,,,NONE
case_update,7964a6fdff7bfb0333329e5516211ec9,ef2fc940-08c2-11f1-907e-cdcae5aa3470,2026-02-13 10:02:02.713000+00:00,38.106,routing_collaborator_roundtrip,33947,2026-02-13T10:02:05.746151Z,2026-02-13T10:02:39.693894Z,,,,Case-Management2-Collaborator,,,
case_update,7964a6fdff7bfb0333329e5516211ec9,ef2fc940-08c2-11f1-907e-cdcae5aa3470,2026-02-13 10:02:02.713000+00:00,38.106,guardrail_post,811,2026-02-13T10:02:39.879083Z,2026-02-13T10:02:40.690860Z,,,,,,,NONE
case_update,8da7d83ff125d2e800d353f3b58a6158,ef2fc940-08c2-11f1-907e-cdcae5aa3470,2026-02-13 10:01:16.170000+00:00,35.334,guardrail_pre,653,2026-02-13T10:01:16.664876Z,2026-02-13T10:01:17.317136Z,,,,,,,NONE
case_update,8da7d83ff125d2e800d353f3b58a6158,ef2fc940-08c2-11f1-907e-cdcae5aa3470,2026-02-13 10:01:16.170000+00:00,35.334,routing_classifier,2153,2026-02-13T10:01:17.319108Z,2026-02-13T10:01:19.472780Z,,3206.0,22.0,,,,
case_update,8da7d83ff125d2e800d353f3b58a6158,ef2fc940-08c2-11f1-907e-cdcae5aa3470,2026-02-13 10:01:16.170000+00:00,35.334,guardrail_pre,723,2026-02-13T10:01:20.120597Z,2026-02-13T10:01:20.843676Z,,,,,,,NONE
case_update,8da7d83ff125d2e800d353f3b58a6158,ef2fc940-08c2-11f1-907e-cdcae5aa3470,2026-02-13 10:01:16.170000+00:00,35.334,llm_orchestration,5155,2026-02-13T10:01:20.916942Z,2026-02-13T10:01:26.071226Z,,5364.0,163.0,,,,
case_update,8da7d83ff125d2e800d353f3b58a6158,ef2fc940-08c2-11f1-907e-cdcae5aa3470,2026-02-13 10:01:16.170000+00:00,35.334,llm_orchestration,4357,2026-02-13T10:01:26.420929Z,2026-02-13T10:01:30.777432Z,,7733.0,131.0,,,,
case_update,8da7d83ff125d2e800d353f3b58a6158,ef2fc940-08c2-11f1-907e-cdcae5aa3470,2026-02-13 10:01:16.170000+00:00,35.334,action_group,8994,2026-02-13T10:01:30.783503Z,2026-02-13T10:01:39.777612Z,,,,,,,
case_update,8da7d83ff125d2e800d353f3b58a6158,ef2fc940-08c2-11f1-907e-cdcae5aa3470,2026-02-13 10:01:16.170000+00:00,35.334,llm_orchestration,4478,2026-02-13T10:01:39.783314Z,2026-02-13T10:01:44.261169Z,,7905.0,137.0,,,,
case_update,8da7d83ff125d2e800d353f3b58a6158,ef2fc940-08c2-11f1-907e-cdcae5aa3470,2026-02-13 10:01:16.170000+00:00,35.334,agent_collaborator,18353,2026-02-13T10:01:26.084407Z,2026-02-13T10:01:44.437347Z,,,,SupportCase-Management-Agent,,,
case_update,8da7d83ff125d2e800d353f3b58a6158,ef2fc940-08c2-11f1-907e-cdcae5aa3470,2026-02-13 10:01:16.170000+00:00,35.334,llm_orchestration,5083,2026-02-13T10:01:44.474726Z,2026-02-13T10:01:49.557944Z,,5572.0,169.0,,,,
case_update,8da7d83ff125d2e800d353f3b58a6158,ef2fc940-08c2-11f1-907e-cdcae5aa3470,2026-02-13 10:01:16.170000+00:00,35.334,guardrail_post,722,2026-02-13T10:01:49.751866Z,2026-02-13T10:01:50.473366Z,,,,,,,NONE
case_update,8da7d83ff125d2e800d353f3b58a6158,ef2fc940-08c2-11f1-907e-cdcae5aa3470,2026-02-13 10:01:16.170000+00:00,35.334,routing_collaborator_roundtrip,31112,2026-02-13T10:01:19.483223Z,2026-02-13T10:01:50.595935Z,,,,Case-Management2-Collaborator,,,
case_update,8da7d83ff125d2e800d353f3b58a6158,ef2fc940-08c2-11f1-907e-cdcae5aa3470,2026-02-13 10:01:16.170000+00:00,35.334,guardrail_post,604,2026-02-13T10:01:50.781115Z,2026-02-13T10:01:51.385535Z,,,,,,,NONE
defects_search,e574c62a9e2d1490c6e8df1343c83f0f,c4bcd8a0-0bb6-11f1-a0cf-2de6f6a7e71d,2026-02-17 04:11:44.542000+00:00,81.76,guardrail_pre,632,2026-02-17T04:11:44.994159Z,2026-02-17T04:11:45.626559Z,,,,,,,NONE
defects_search,e574c62a9e2d1490c6e8df1343c83f0f,c4bcd8a0-0bb6-11f1-a0cf-2de6f6a7e71d,2026-02-17 04:11:44.542000+00:00,81.76,routing_classifier,3668,2026-02-17T04:11:45.628952Z,2026-02-17T04:11:49.296387Z,,3204.0,16.0,,,,
defects_search,e574c62a9e2d1490c6e8df1343c83f0f,c4bcd8a0-0bb6-11f1-a0cf-2de6f6a7e71d,2026-02-17 04:11:44.542000+00:00,81.76,guardrail_pre,641,2026-02-17T04:11:49.791389Z,2026-02-17T04:11:50.432869Z,,,,,,,NONE
defects_search,e574c62a9e2d1490c6e8df1343c83f0f,c4bcd8a0-0bb6-11f1-a0cf-2de6f6a7e71d,2026-02-17 04:11:44.542000+00:00,81.76,llm_orchestration,5775,2026-02-17T04:11:50.482235Z,2026-02-17T04:11:56.257294Z,,4559.0,174.0,,,,
defects_search,e574c62a9e2d1490c6e8df1343c83f0f,c4bcd8a0-0bb6-11f1-a0cf-2de6f6a7e71d,2026-02-17 04:11:44.542000+00:00,81.76,action_group,50636,2026-02-17T04:11:56.262356Z,2026-02-17T04:12:46.898883Z,,,,,,,
defects_search,e574c62a9e2d1490c6e8df1343c83f0f,c4bcd8a0-0bb6-11f1-a0cf-2de6f6a7e71d,2026-02-17 04:11:44.542000+00:00,81.76,llm_orchestration,17331,2026-02-17T04:12:46.903969Z,2026-02-17T04:13:04.234730Z,,5771.0,866.0,,,,
defects_search,e574c62a9e2d1490c6e8df1343c83f0f,c4bcd8a0-0bb6-11f1-a0cf-2de6f6a7e71d,2026-02-17 04:11:44.542000+00:00,81.76,guardrail_post,698,2026-02-17T04:13:04.422055Z,2026-02-17T04:13:05.120970Z,,,,,,,NONE
defects_search,e574c62a9e2d1490c6e8df1343c83f0f,c4bcd8a0-0bb6-11f1-a0cf-2de6f6a7e71d,2026-02-17 04:11:44.542000+00:00,81.76,routing_collaborator_roundtrip,75946,2026-02-17T04:11:49.305917Z,2026-02-17T04:13:05.251549Z,,,,Defects-Management-Agent,,,
defects_search,e574c62a9e2d1490c6e8df1343c83f0f,c4bcd8a0-0bb6-11f1-a0cf-2de6f6a7e71d,2026-02-17 04:11:44.542000+00:00,81.76,guardrail_post,714,2026-02-17T04:13:05.462360Z,2026-02-17T04:13:06.176115Z,,,,,,,NONE
firmware_recommendation,bbae7f2b9a4d19fd24e105847a1d09f9,99ec63f0-08f2-11f1-b38c-53516d6131bc,2026-02-13 15:42:54.448000+00:00,26.09,guardrail_pre,751,2026-02-13T15:42:54.970168Z,2026-02-13T15:42:55.721864Z,,,,,,,NONE
firmware_recommendation,bbae7f2b9a4d19fd24e105847a1d09f9,99ec63f0-08f2-11f1-b38c-53516d6131bc,2026-02-13 15:42:54.448000+00:00,26.09,routing_classifier,1196,2026-02-13T15:42:55.724307Z,2026-02-13T15:42:56.920662Z,,3392.0,14.0,,,,
firmware_recommendation,bbae7f2b9a4d19fd24e105847a1d09f9,99ec63f0-08f2-11f1-b38c-53516d6131bc,2026-02-13 15:42:54.448000+00:00,26.09,guardrail_pre,704,2026-02-13T15:42:57.478406Z,2026-02-13T15:42:58.182405Z,,,,,,,NONE
firmware_recommendation,bbae7f2b9a4d19fd24e105847a1d09f9,99ec63f0-08f2-11f1-b38c-53516d6131bc,2026-02-13 15:42:54.448000+00:00,26.09,llm_orchestration,5393,2026-02-13T15:42:58.235508Z,2026-02-13T15:43:03.628036Z,,4250.0,110.0,,,,
firmware_recommendation,bbae7f2b9a4d19fd24e105847a1d09f9,99ec63f0-08f2-11f1-b38c-53516d6131bc,2026-02-13 15:42:54.448000+00:00,26.09,action_group,4435,2026-02-13T15:43:03.632950Z,2026-02-13T15:43:08.067744Z,,,,,,,
firmware_recommendation,bbae7f2b9a4d19fd24e105847a1d09f9,99ec63f0-08f2-11f1-b38c-53516d6131bc,2026-02-13 15:42:54.448000+00:00,26.09,llm_orchestration,9643,2026-02-13T15:43:08.072336Z,2026-02-13T15:43:17.715590Z,,4461.0,320.0,,,,
firmware_recommendation,bbae7f2b9a4d19fd24e105847a1d09f9,99ec63f0-08f2-11f1-b38c-53516d6131bc,2026-02-13 15:42:54.448000+00:00,26.09,guardrail_post,640,2026-02-13T15:43:17.891764Z,2026-02-13T15:43:18.531515Z,,,,,,,NONE
firmware_recommendation,bbae7f2b9a4d19fd24e105847a1d09f9,99ec63f0-08f2-11f1-b38c-53516d6131bc,2026-02-13 15:42:54.448000+00:00,26.09,routing_collaborator_roundtrip,21732,2026-02-13T15:42:56.930690Z,2026-02-13T15:43:18.662165Z,,,,Firmware-Assist-Collaborator,,,
firmware_recommendation,bbae7f2b9a4d19fd24e105847a1d09f9,99ec63f0-08f2-11f1-b38c-53516d6131bc,2026-02-13 15:42:54.448000+00:00,26.09,guardrail_post,1570,2026-02-13T15:43:18.848021Z,2026-02-13T15:43:20.418340Z,,,,,,,NONE
firmware_recommendation,2b37a6797e8efa1154d4f5c1dc20d5f5,99ec63f0-08f2-11f1-b38c-53516d6131bc,2026-02-13 15:42:28.437000+00:00,12.677,guardrail_pre,657,2026-02-13T15:42:29.004621Z,2026-02-13T15:42:29.661614Z,,,,,,,NONE
firmware_recommendation,2b37a6797e8efa1154d4f5c1dc20d5f5,99ec63f0-08f2-11f1-b38c-53516d6131bc,2026-02-13 15:42:28.437000+00:00,12.677,routing_classifier,2347,2026-02-13T15:42:29.663290Z,2026-02-13T15:42:32.010424Z,,3208.0,18.0,,,,
firmware_recommendation,2b37a6797e8efa1154d4f5c1dc20d5f5,99ec63f0-08f2-11f1-b38c-53516d6131bc,2026-02-13 15:42:28.437000+00:00,12.677,guardrail_pre,689,2026-02-13T15:42:32.513368Z,2026-02-13T15:42:33.202424Z,,,,,,,NONE
firmware_recommendation,2b37a6797e8efa1154d4f5c1dc20d5f5,99ec63f0-08f2-11f1-b38c-53516d6131bc,2026-02-13 15:42:28.437000+00:00,12.677,llm_orchestration,5867,2026-02-13T15:42:33.264842Z,2026-02-13T15:42:39.131574Z,,3968.0,172.0,,,,
firmware_recommendation,2b37a6797e8efa1154d4f5c1dc20d5f5,99ec63f0-08f2-11f1-b38c-53516d6131bc,2026-02-13 15:42:28.437000+00:00,12.677,guardrail_post,611,2026-02-13T15:42:39.320282Z,2026-02-13T15:42:39.931679Z,,,,,,,NONE
firmware_recommendation,2b37a6797e8efa1154d4f5c1dc20d5f5,99ec63f0-08f2-11f1-b38c-53516d6131bc,2026-02-13 15:42:28.437000+00:00,12.677,routing_collaborator_roundtrip,8009,2026-02-13T15:42:32.022900Z,2026-02-13T15:42:40.031695Z,,,,Firmware-Assist-Collaborator,,,
firmware_recommendation,2b37a6797e8efa1154d4f5c1dc20d5f5,99ec63f0-08f2-11f1-b38c-53516d6131bc,2026-02-13 15:42:28.437000+00:00,12.677,guardrail_post,825,2026-02-13T15:42:40.207624Z,2026-02-13T15:42:41.032880Z,,,,,,,NONE
license_management,77b0177257c16cbe9aade93a41bf308f,48a4b950-0bbf-11f1-a0cf-2de6f6a7e71d,2026-02-17 05:18:40.002000+00:00,19.569,guardrail_pre,774,2026-02-17T05:18:40.464272Z,2026-02-17T05:18:41.238113Z,,,,,,,NONE
license_management,77b0177257c16cbe9aade93a41bf308f,48a4b950-0bbf-11f1-a0cf-2de6f6a7e71d,2026-02-17 05:18:40.002000+00:00,19.569,routing_classifier,1372,2026-02-17T05:18:41.240963Z,2026-02-17T05:18:42.612109Z,,4077.0,20.0,,,,
license_management,77b0177257c16cbe9aade93a41bf308f,48a4b950-0bbf-11f1-a0cf-2de6f6a7e71d,2026-02-17 05:18:40.002000+00:00,19.569,guardrail_pre,605,2026-02-17T05:18:43.184696Z,2026-02-17T05:18:43.789398Z,,,,,,,NONE
license_management,77b0177257c16cbe9aade93a41bf308f,48a4b950-0bbf-11f1-a0cf-2de6f6a7e71d,2026-02-17 05:18:40.002000+00:00,19.569,llm_orchestration,3463,2026-02-17T05:18:43.836756Z,2026-02-17T05:18:47.299106Z,,8830.0,125.0,,,,
license_management,77b0177257c16cbe9aade93a41bf308f,48a4b950-0bbf-11f1-a0cf-2de6f6a7e71d,2026-02-17 05:18:40.002000+00:00,19.569,action_group,68,2026-02-17T05:18:47.305843Z,2026-02-17T05:18:47.373912Z,,,,,,,
license_management,77b0177257c16cbe9aade93a41bf308f,48a4b950-0bbf-11f1-a0cf-2de6f6a7e71d,2026-02-17 05:18:40.002000+00:00,19.569,llm_orchestration,3213,2026-02-17T05:18:47.380450Z,2026-02-17T05:18:50.593191Z,,9015.0,110.0,,,,
license_management,77b0177257c16cbe9aade93a41bf308f,48a4b950-0bbf-11f1-a0cf-2de6f6a7e71d,2026-02-17 05:18:40.002000+00:00,19.569,action_group,29,2026-02-17T05:18:50.600032Z,2026-02-17T05:18:50.629832Z,,,,,,,
license_management,77b0177257c16cbe9aade93a41bf308f,48a4b950-0bbf-11f1-a0cf-2de6f6a7e71d,2026-02-17 05:18:40.002000+00:00,19.569,llm_orchestration,6921,2026-02-17T05:18:50.636427Z,2026-02-17T05:18:57.557180Z,,9248.0,298.0,,,,
license_management,77b0177257c16cbe9aade93a41bf308f,48a4b950-0bbf-11f1-a0cf-2de6f6a7e71d,2026-02-17 05:18:40.002000+00:00,19.569,guardrail_post,639,2026-02-17T05:18:57.749726Z,2026-02-17T05:18:58.388157Z,,,,,,,NONE
license_management,77b0177257c16cbe9aade93a41bf308f,48a4b950-0bbf-11f1-a0cf-2de6f6a7e71d,2026-02-17 05:18:40.002000+00:00,19.569,routing_collaborator_roundtrip,15889,2026-02-17T05:18:42.625159Z,2026-02-17T05:18:58.514620Z,,,,license-assist-collaborator,,,
license_management,77b0177257c16cbe9aade93a41bf308f,48a4b950-0bbf-11f1-a0cf-2de6f6a7e71d,2026-02-17 05:18:40.002000+00:00,19.569,guardrail_post,732,2026-02-17T05:18:58.710822Z,2026-02-17T05:18:59.442278Z,,,,,,,NONE
license_management,d0ed5e6524e3c8d7b08b93b4b56683fc,48a4b950-0bbf-11f1-a0cf-2de6f6a7e71d,2026-02-17 05:18:13.990000+00:00,9.048,guardrail_pre,866,2026-02-17T05:18:14.264130Z,2026-02-17T05:18:15.130474Z,,,,,,,NONE
license_management,d0ed5e6524e3c8d7b08b93b4b56683fc,48a4b950-0bbf-11f1-a0cf-2de6f6a7e71d,2026-02-17 05:18:13.990000+00:00,9.048,routing_classifier,1031,2026-02-17T05:18:15.133202Z,2026-02-17T05:18:16.164222Z,,3993.0,20.0,,,,
license_management,d0ed5e6524e3c8d7b08b93b4b56683fc,48a4b950-0bbf-11f1-a0cf-2de6f6a7e71d,2026-02-17 05:18:13.990000+00:00,9.048,guardrail_pre,755,2026-02-17T05:18:16.734766Z,2026-02-17T05:18:17.489134Z,,,,,,,NONE
license_management,d0ed5e6524e3c8d7b08b93b4b56683fc,48a4b950-0bbf-11f1-a0cf-2de6f6a7e71d,2026-02-17 05:18:13.990000+00:00,9.048,llm_orchestration,3569,2026-02-17T05:18:17.538499Z,2026-02-17T05:18:21.107718Z,,8678.0,85.0,,,,
license_management,d0ed5e6524e3c8d7b08b93b4b56683fc,48a4b950-0bbf-11f1-a0cf-2de6f6a7e71d,2026-02-17 05:18:13.990000+00:00,9.048,guardrail_post,657,2026-02-17T05:18:21.262202Z,2026-02-17T05:18:21.919839Z,,,,,,,NONE
license_management,d0ed5e6524e3c8d7b08b93b4b56683fc,48a4b950-0bbf-11f1-a0cf-2de6f6a7e71d,2026-02-17 05:18:13.990000+00:00,9.048,routing_collaborator_roundtrip,5860,2026-02-17T05:18:16.178361Z,2026-02-17T05:18:22.038567Z,,,,license-assist-collaborator,,,
license_management,d0ed5e6524e3c8d7b08b93b4b56683fc,48a4b950-0bbf-11f1-a0cf-2de6f6a7e71d,2026-02-17 05:18:13.990000+00:00,9.048,guardrail_post,704,2026-02-17T05:18:22.214569Z,2026-02-17T05:18:22.918215Z,,,,,,,NONE
license_management,ef18ba0eb8cd33ed1eca332a002b2709,48a4b950-0bbf-11f1-a0cf-2de6f6a7e71d,2026-02-17 05:17:45.110000+00:00,10.56,guardrail_pre,762,2026-02-17T05:17:45.365022Z,2026-02-17T05:17:46.127484Z,,,,,,,NONE
license_management,ef18ba0eb8cd33ed1eca332a002b2709,48a4b950-0bbf-11f1-a0cf-2de6f6a7e71d,2026-02-17 05:17:45.110000+00:00,10.56,routing_classifier,1226,2026-02-17T05:17:46.131813Z,2026-02-17T05:17:47.357342Z,,3872.0,20.0,,,,
license_management,ef18ba0eb8cd33ed1eca332a002b2709,48a4b950-0bbf-11f1-a0cf-2de6f6a7e71d,2026-02-17 05:17:45.110000+00:00,10.56,guardrail_pre,742,2026-02-17T05:17:47.845569Z,2026-02-17T05:17:48.587521Z,,,,,,,NONE
license_management,ef18ba0eb8cd33ed1eca332a002b2709,48a4b950-0bbf-11f1-a0cf-2de6f6a7e71d,2026-02-17 05:17:45.110000+00:00,10.56,llm_orchestration,4800,2026-02-17T05:17:48.644039Z,2026-02-17T05:17:53.444273Z,,8424.0,140.0,,,,
license_management,ef18ba0eb8cd33ed1eca332a002b2709,48a4b950-0bbf-11f1-a0cf-2de6f6a7e71d,2026-02-17 05:17:45.110000+00:00,10.56,guardrail_post,663,2026-02-17T05:17:53.610313Z,2026-02-17T05:17:54.273706Z,,,,,,,NONE
license_management,ef18ba0eb8cd33ed1eca332a002b2709,48a4b950-0bbf-11f1-a0cf-2de6f6a7e71d,2026-02-17 05:17:45.110000+00:00,10.56,routing_collaborator_roundtrip,7032,2026-02-17T05:17:47.371801Z,2026-02-17T05:17:54.403745Z,,,,license-assist-collaborator,,,
license_management,ef18ba0eb8cd33ed1eca332a002b2709,48a4b950-0bbf-11f1-a0cf-2de6f6a7e71d,2026-02-17 05:17:45.110000+00:00,10.56,guardrail_post,712,2026-02-17T05:17:54.831875Z,2026-02-17T05:17:55.543161Z,,,,,,,NONE
license_management,6af8cb2e4de0dae7701cf8f65bd6398f,48a4b950-0bbf-11f1-a0cf-2de6f6a7e71d,2026-02-17 05:16:34.734000+00:00,17.925,guardrail_pre,817,2026-02-17T05:16:35.241603Z,2026-02-17T05:16:36.058143Z,,,,,,,NONE
license_management,6af8cb2e4de0dae7701cf8f65bd6398f,48a4b950-0bbf-11f1-a0cf-2de6f6a7e71d,2026-02-17 05:16:34.734000+00:00,17.925,routing_classifier,1278,2026-02-17T05:16:36.060878Z,2026-02-17T05:16:37.338621Z,,3612.0,14.0,,,,
license_management,6af8cb2e4de0dae7701cf8f65bd6398f,48a4b950-0bbf-11f1-a0cf-2de6f6a7e71d,2026-02-17 05:16:34.734000+00:00,17.925,guardrail_pre,678,2026-02-17T05:16:37.767173Z,2026-02-17T05:16:38.445209Z,,,,,,,NONE
license_management,6af8cb2e4de0dae7701cf8f65bd6398f,48a4b950-0bbf-11f1-a0cf-2de6f6a7e71d,2026-02-17 05:16:34.734000+00:00,17.925,llm_orchestration,3139,2026-02-17T05:16:38.493588Z,2026-02-17T05:16:41.632165Z,,7791.0,108.0,,,,
license_management,6af8cb2e4de0dae7701cf8f65bd6398f,48a4b950-0bbf-11f1-a0cf-2de6f6a7e71d,2026-02-17 05:16:34.734000+00:00,17.925,action_group,2124,2026-02-17T05:16:41.638899Z,2026-02-17T05:16:43.762281Z,,,,,,,
license_management,6af8cb2e4de0dae7701cf8f65bd6398f,48a4b950-0bbf-11f1-a0cf-2de6f6a7e71d,2026-02-17 05:16:34.734000+00:00,17.925,llm_orchestration,6833,2026-02-17T05:16:43.768683Z,2026-02-17T05:16:50.601779Z,,7929.0,251.0,,,,
license_management,6af8cb2e4de0dae7701cf8f65bd6398f,48a4b950-0bbf-11f1-a0cf-2de6f6a7e71d,2026-02-17 05:16:34.734000+00:00,17.925,guardrail_post,802,2026-02-17T05:16:50.756645Z,2026-02-17T05:16:51.558298Z,,,,,,,NONE
license_management,6af8cb2e4de0dae7701cf8f65bd6398f,48a4b950-0bbf-11f1-a0cf-2de6f6a7e71d,2026-02-17 05:16:34.734000+00:00,17.925,routing_collaborator_roundtrip,14319,2026-02-17T05:16:37.349643Z,2026-02-17T05:16:51.668741Z,,,,license-assist-collaborator,,,
license_management,6af8cb2e4de0dae7701cf8f65bd6398f,48a4b950-0bbf-11f1-a0cf-2de6f6a7e71d,2026-02-17 05:16:34.734000+00:00,17.925,guardrail_post,679,2026-02-17T05:16:51.849539Z,2026-02-17T05:16:52.528851Z,,,,,,,NONE
license_management,2c0faab6db8de19a4d13f7e9dcd98dc7,48a4b950-0bbf-11f1-a0cf-2de6f6a7e71d,2026-02-17 05:15:58.473000+00:00,16.829,guardrail_pre,729,2026-02-17T05:15:58.800420Z,2026-02-17T05:15:59.529705Z,,,,,,,NONE
license_management,2c0faab6db8de19a4d13f7e9dcd98dc7,48a4b950-0bbf-11f1-a0cf-2de6f6a7e71d,2026-02-17 05:15:58.473000+00:00,16.829,routing_classifier,1124,2026-02-17T05:15:59.531341Z,2026-02-17T05:16:00.655983Z,,3498.0,20.0,,,,
license_management,2c0faab6db8de19a4d13f7e9dcd98dc7,48a4b950-0bbf-11f1-a0cf-2de6f6a7e71d,2026-02-17 05:15:58.473000+00:00,16.829,guardrail_pre,757,2026-02-17T05:16:01.156160Z,2026-02-17T05:16:01.913029Z,,,,,,,NONE
license_management,2c0faab6db8de19a4d13f7e9dcd98dc7,48a4b950-0bbf-11f1-a0cf-2de6f6a7e71d,2026-02-17 05:15:58.473000+00:00,16.829,llm_orchestration,4238,2026-02-17T05:16:01.970113Z,2026-02-17T05:16:06.208156Z,,7383.0,123.0,,,,
license_management,2c0faab6db8de19a4d13f7e9dcd98dc7,48a4b950-0bbf-11f1-a0cf-2de6f6a7e71d,2026-02-17 05:15:58.473000+00:00,16.829,action_group,3095,2026-02-17T05:16:06.214508Z,2026-02-17T05:16:09.309322Z,,,,,,,
license_management,2c0faab6db8de19a4d13f7e9dcd98dc7,48a4b950-0bbf-11f1-a0cf-2de6f6a7e71d,2026-02-17 05:15:58.473000+00:00,16.829,llm_orchestration,3873,2026-02-17T05:16:09.315526Z,2026-02-17T05:16:13.188236Z,,7586.0,115.0,,,,
license_management,2c0faab6db8de19a4d13f7e9dcd98dc7,48a4b950-0bbf-11f1-a0cf-2de6f6a7e71d,2026-02-17 05:15:58.473000+00:00,16.829,guardrail_post,699,2026-02-17T05:16:13.383556Z,2026-02-17T05:16:14.082647Z,,,,,,,NONE
license_management,2c0faab6db8de19a4d13f7e9dcd98dc7,48a4b950-0bbf-11f1-a0cf-2de6f6a7e71d,2026-02-17 05:15:58.473000+00:00,16.829,routing_collaborator_roundtrip,13540,2026-02-17T05:16:00.669303Z,2026-02-17T05:16:14.209484Z,,,,license-assist-collaborator,,,
license_management,2c0faab6db8de19a4d13f7e9dcd98dc7,48a4b950-0bbf-11f1-a0cf-2de6f6a7e71d,2026-02-17 05:15:58.473000+00:00,16.829,guardrail_post,781,2026-02-17T05:16:14.390810Z,2026-02-17T05:16:15.171162Z,,,,,,,NONE
license_management,8ad986dc707c8a546f2f89e530636adf,48a4b950-0bbf-11f1-a0cf-2de6f6a7e71d,2026-02-17 05:15:31.199000+00:00,9.267,guardrail_pre,756,2026-02-17T05:15:31.535987Z,2026-02-17T05:15:32.291589Z,,,,,,,NONE
license_management,8ad986dc707c8a546f2f89e530636adf,48a4b950-0bbf-11f1-a0cf-2de6f6a7e71d,2026-02-17 05:15:31.199000+00:00,9.267,routing_classifier,1258,2026-02-17T05:15:32.294201Z,2026-02-17T05:15:33.552729Z,,3407.0,20.0,,,,
license_management,8ad986dc707c8a546f2f89e530636adf,48a4b950-0bbf-11f1-a0cf-2de6f6a7e71d,2026-02-17 05:15:31.199000+00:00,9.267,guardrail_pre,660,2026-02-17T05:15:34.110155Z,2026-02-17T05:15:34.770606Z,,,,,,,NONE
license_management,8ad986dc707c8a546f2f89e530636adf,48a4b950-0bbf-11f1-a0cf-2de6f6a7e71d,2026-02-17 05:15:31.199000+00:00,9.267,llm_orchestration,3423,2026-02-17T05:15:34.825981Z,2026-02-17T05:15:38.248974Z,,7203.0,106.0,,,,
license_management,8ad986dc707c8a546f2f89e530636adf,48a4b950-0bbf-11f1-a0cf-2de6f6a7e71d,2026-02-17 05:15:31.199000+00:00,9.267,guardrail_post,853,2026-02-17T05:15:38.430150Z,2026-02-17T05:15:39.283719Z,,,,,,,NONE
license_management,8ad986dc707c8a546f2f89e530636adf,48a4b950-0bbf-11f1-a0cf-2de6f6a7e71d,2026-02-17 05:15:31.199000+00:00,9.267,routing_collaborator_roundtrip,5830,2026-02-17T05:15:33.567137Z,2026-02-17T05:15:39.397616Z,,,,license-assist-collaborator,,,
license_management,8ad986dc707c8a546f2f89e530636adf,48a4b950-0bbf-11f1-a0cf-2de6f6a7e71d,2026-02-17 05:15:31.199000+00:00,9.267,guardrail_post,783,2026-02-17T05:15:39.570007Z,2026-02-17T05:15:40.353241Z,,,,,,,NONE
license_management,8fc335aa5b97039a0cf1dd32c78b6c79,48a4b950-0bbf-11f1-a0cf-2de6f6a7e71d,2026-02-17 05:12:41.313000+00:00,10.462,guardrail_pre,537,2026-02-17T05:12:41.590380Z,2026-02-17T05:12:42.127763Z,,,,,,,NONE
license_management,8fc335aa5b97039a0cf1dd32c78b6c79,48a4b950-0bbf-11f1-a0cf-2de6f6a7e71d,2026-02-17 05:12:41.313000+00:00,10.462,routing_classifier,1236,2026-02-17T05:12:42.130241Z,2026-02-17T05:12:43.366476Z,,3196.0,20.0,,,,
license_management,8fc335aa5b97039a0cf1dd32c78b6c79,48a4b950-0bbf-11f1-a0cf-2de6f6a7e71d,2026-02-17 05:12:41.313000+00:00,10.462,guardrail_pre,628,2026-02-17T05:12:43.925340Z,2026-02-17T05:12:44.553921Z,,,,,,,NONE
license_management,8fc335aa5b97039a0cf1dd32c78b6c79,48a4b950-0bbf-11f1-a0cf-2de6f6a7e71d,2026-02-17 05:12:41.313000+00:00,10.462,llm_orchestration,5225,2026-02-17T05:12:44.609968Z,2026-02-17T05:12:49.834780Z,,6906.0,169.0,,,,
license_management,8fc335aa5b97039a0cf1dd32c78b6c79,48a4b950-0bbf-11f1-a0cf-2de6f6a7e71d,2026-02-17 05:12:41.313000+00:00,10.462,guardrail_post,629,2026-02-17T05:12:50.006169Z,2026-02-17T05:12:50.635930Z,,,,,,,NONE
license_management,8fc335aa5b97039a0cf1dd32c78b6c79,48a4b950-0bbf-11f1-a0cf-2de6f6a7e71d,2026-02-17 05:12:41.313000+00:00,10.462,routing_collaborator_roundtrip,7369,2026-02-17T05:12:43.403656Z,2026-02-17T05:12:50.772448Z,,,,license-assist-collaborator,,,
license_management,8fc335aa5b97039a0cf1dd32c78b6c79,48a4b950-0bbf-11f1-a0cf-2de6f6a7e71d,2026-02-17 05:12:41.313000+00:00,10.462,guardrail_post,691,2026-02-17T05:12:50.949679Z,2026-02-17T05:12:51.640292Z,,,,,,,NONE
troubleshooting,a50f22a51fa5f094e5ee4b10c87b669a,b8cbca00-0bb7-11f1-a0cf-2de6f6a7e71d,2026-02-17 04:24:48.770000+00:00,15.828,guardrail_pre,705,2026-02-17T04:24:49.212652Z,2026-02-17T04:24:49.917136Z,,,,,,,NONE
troubleshooting,a50f22a51fa5f094e5ee4b10c87b669a,b8cbca00-0bb7-11f1-a0cf-2de6f6a7e71d,2026-02-17 04:24:48.770000+00:00,15.828,routing_classifier,3397,2026-02-17T04:24:49.920185Z,2026-02-17T04:24:53.317230Z,,4304.0,22.0,,,,
troubleshooting,a50f22a51fa5f094e5ee4b10c87b669a,b8cbca00-0bb7-11f1-a0cf-2de6f6a7e71d,2026-02-17 04:24:48.770000+00:00,15.828,guardrail_pre,648,2026-02-17T04:24:54.039168Z,2026-02-17T04:24:54.687904Z,,,,,,,NONE
troubleshooting,a50f22a51fa5f094e5ee4b10c87b669a,b8cbca00-0bb7-11f1-a0cf-2de6f6a7e71d,2026-02-17 04:24:48.770000+00:00,15.828,llm_orchestration,8086,2026-02-17T04:24:54.742854Z,2026-02-17T04:25:02.828122Z,,6377.0,272.0,,,,
troubleshooting,a50f22a51fa5f094e5ee4b10c87b669a,b8cbca00-0bb7-11f1-a0cf-2de6f6a7e71d,2026-02-17 04:24:48.770000+00:00,15.828,guardrail_post,623,2026-02-17T04:25:02.984538Z,2026-02-17T04:25:03.607207Z,,,,,,,NONE
troubleshooting,a50f22a51fa5f094e5ee4b10c87b669a,b8cbca00-0bb7-11f1-a0cf-2de6f6a7e71d,2026-02-17 04:24:48.770000+00:00,15.828,routing_collaborator_roundtrip,10397,2026-02-17T04:24:53.328837Z,2026-02-17T04:25:03.725310Z,,,,Case-Management2-Collaborator,,,
troubleshooting,a50f22a51fa5f094e5ee4b10c87b669a,b8cbca00-0bb7-11f1-a0cf-2de6f6a7e71d,2026-02-17 04:24:48.770000+00:00,15.828,guardrail_post,604,2026-02-17T04:25:03.878547Z,2026-02-17T04:25:04.482525Z,,,,,,,NONE
troubleshooting,978d23d421d35d6c6076d8b64866d424,b8cbca00-0bb7-11f1-a0cf-2de6f6a7e71d,2026-02-17 04:18:34.074000+00:00,143.552,guardrail_pre,613,2026-02-17T04:18:34.597063Z,2026-02-17T04:18:35.210493Z,,,,,,,NONE
troubleshooting,978d23d421d35d6c6076d8b64866d424,b8cbca00-0bb7-11f1-a0cf-2de6f6a7e71d,2026-02-17 04:18:34.074000+00:00,143.552,routing_classifier,12106,2026-02-17T04:18:35.212949Z,2026-02-17T04:18:47.318611Z,,3224.0,16.0,,,,
troubleshooting,978d23d421d35d6c6076d8b64866d424,b8cbca00-0bb7-11f1-a0cf-2de6f6a7e71d,2026-02-17 04:18:34.074000+00:00,143.552,guardrail_pre,675,2026-02-17T04:18:47.799085Z,2026-02-17T04:18:48.474324Z,,,,,,,NONE
troubleshooting,978d23d421d35d6c6076d8b64866d424,b8cbca00-0bb7-11f1-a0cf-2de6f6a7e71d,2026-02-17 04:18:34.074000+00:00,143.552,llm_orchestration,31213,2026-02-17T04:18:48.519995Z,2026-02-17T04:19:19.732510Z,,4569.0,159.0,,,,
troubleshooting,978d23d421d35d6c6076d8b64866d424,b8cbca00-0bb7-11f1-a0cf-2de6f6a7e71d,2026-02-17 04:18:34.074000+00:00,143.552,action_group,327,2026-02-17T04:19:19.736281Z,2026-02-17T04:19:20.063692Z,,,,,,,
troubleshooting,978d23d421d35d6c6076d8b64866d424,b8cbca00-0bb7-11f1-a0cf-2de6f6a7e71d,2026-02-17 04:18:34.074000+00:00,143.552,llm_orchestration,15873,2026-02-17T04:19:20.067069Z,2026-02-17T04:19:35.940190Z,,5635.0,271.0,,,,
troubleshooting,978d23d421d35d6c6076d8b64866d424,b8cbca00-0bb7-11f1-a0cf-2de6f6a7e71d,2026-02-17 04:18:34.074000+00:00,143.552,action_group,18463,2026-02-17T04:19:35.945320Z,2026-02-17T04:19:54.408028Z,,,,,,,
troubleshooting,978d23d421d35d6c6076d8b64866d424,b8cbca00-0bb7-11f1-a0cf-2de6f6a7e71d,2026-02-17 04:18:34.074000+00:00,143.552,action_group,37303,2026-02-17T04:19:35.945306Z,2026-02-17T04:20:13.248649Z,,,,,,,
troubleshooting,978d23d421d35d6c6076d8b64866d424,b8cbca00-0bb7-11f1-a0cf-2de6f6a7e71d,2026-02-17 04:18:34.074000+00:00,143.552,llm_orchestration,42648,2026-02-17T04:20:13.252650Z,2026-02-17T04:20:55.900255Z,,6837.0,1063.0,,,,
troubleshooting,978d23d421d35d6c6076d8b64866d424,b8cbca00-0bb7-11f1-a0cf-2de6f6a7e71d,2026-02-17 04:18:34.074000+00:00,143.552,guardrail_post,506,2026-02-17T04:20:56.067671Z,2026-02-17T04:20:56.573542Z,,,,,,,NONE
troubleshooting,978d23d421d35d6c6076d8b64866d424,b8cbca00-0bb7-11f1-a0cf-2de6f6a7e71d,2026-02-17 04:18:34.074000+00:00,143.552,routing_collaborator_roundtrip,129347,2026-02-17T04:18:47.328934Z,2026-02-17T04:20:56.675565Z,,,,Defects-Management-Agent,,,
troubleshooting,978d23d421d35d6c6076d8b64866d424,b8cbca00-0bb7-11f1-a0cf-2de6f6a7e71d,2026-02-17 04:18:34.074000+00:00,143.552,guardrail_post,633,2026-02-17T04:20:56.861385Z,2026-02-17T04:20:57.494503Z,,,,,,,NONE
